#SmartNews,1
#SardarOnCurrency.,2
"#NationalUnityDay,",1
#Design,3
#AccheDin,1
#SardarVallabhaiPatel,5
#SardarVallabhbhaiPatel,8
#RSS…,1
#NarendraModi.…,1
#political,3
#RebuildKerala,2
#gujaratmodel…,1
#unity,1
"#Sikar

",1
#DuniyaKaSardaar,1
#SardarVallabh…,1
#SardarVallabhbhaiPatel's,1
#SardarVall…,3
#Partition,6
#DDNews,2
#StatueOFUnity...,1
#desperateindian,1
#SardarPatel,31
#GoogleAlerts,3
#RunForUnity,3
#copied,1
#Replug:,2
"#3dprinting
India",3
"#StatueOfUnity

https://t.co/AwoP2…",1
#IronManOfIndia,1
#world,2
#WebQoof,1
#IshaYogaCenter,159
#Statue_Of_Unity_Song,1
#statueofunity,3
#ISRO,40
#SoU,1
#cartoon,25
#RSS,31
#Modigovernment,1
#BJP,1
"#StatueOfUnity,",41
#WorldsTallestStatue,1
"#SardariPatel
Lo",1
#StarIsBorn,1
#HinduMuslimUnity,2
#StatueOfUnity!,1
#publicscam,3
"#StatueofLiberty
My",23
#सरदार_पटेल,2
#Repost,2
#IncredibleIndia,1
#Statue_Of_Unity,167
#Mind_it.......Statue,5
#kerala,2
#election,1
#RTCIndia,6
#SardarValla…,1
#Gratitud…,1
#Statue_of_Unity,1
#TajMahal,4
#AviDandiya),1
"#Statue_Of_Unity
Of",1
#Art,3
#aid,1
"#AAP
https://t.co/nIDHtLTDmh",2
#StatueofLiberty,1
#gujrat,1
#factcheck,1
"#RashtriyaEktaDiwas
",5
#SardarPatel's,6
"#NLHafta,",2
#EXO_TEMPO,1
#Modi…,2
#SardarVallabhbhaiPatel…,1
#JustSaying,1
#2Point0Trailer,1
"#BritishMedia!?
@DailyMailUK,",1
#Aid,1
"#UK,",1
#Gratitude,1
#CongressLaaoCGBachao,1
"#StatueOfUnity
Is",2
#3000crore,1
"#India
https://t.co/GG9xktAIRS",1
#3ddesign,3
"#StatueOfUnity
https://t.co/qVug9yz2Pv",1
#Modi,2
#Economics,1
#ironman,1
#BauuaSingh,1
#NaMo,6
"#villages,",1
#RafaleScam.,3
#Patriots,1
#…,2
#RamStatueInAyodhya,26
"#RT
World's",1
#WeWantOurHomes,1
#AchcheDin,1
#BJPNewsTrack,1
#Andhra,1
#RafaleBribeRevealed…,1
#REPUBLIC,1
#forcing,1
#statue,5
#VandeMataram,1
#history,31
#statebankofindia,1
#Breaking,1
#TravelSkills,1
#DhruvaRathi,10
#Bravo,2
#SardarPate…,1
"#StatueOfUnity

@RjDhvanit",1
#india...,1
#incredibleindia,2
#British,1
#2,1
#Hindus,6
#SignatureBridge,6
#AmrapaliCenturianPark,1
#SardarPatelstatue,1
"#Statue_of_Scam.

@MLArajeshSP",1
#sardarpateljayanti.,2
#ModiMadeDisaster,8
#GateofUnity,1
#StatueOfUntiy,16
#Analysis,1
#Statue_Of_Disunity,1
"#Economy
https://t.co/CZFCXDGyYN",1
#UrbanNAXALs,1
#StatueOfUnity,116
"#MakeInIndia
?",1
#BigIdeas…,1
"#Statue_for_elections

@RahulGandhi
@AshokTanwar_INC",7
#ShivajiStatue,1
"#StatueOfUnity
 ⁦@narendramodi⁩",1
#C…,31
#Statue_Of_Unity.,6
#scams,3
#StatueofUnity,29
#NetajiBose,2
#Statue_Of_unity,1
#Ahmedabad,1
#NarendraModi.,5
#Statue_Of_Unity:,1
#ModiGovt,12
#Statue,4
#After,3
#Sardar…,1
#DoYouKnow,2
#2g,3
#kumkumbhagya,3
#solarpow…,1
#SardarPatelStatue,9
#stauteofunity,1
#Richterscale.,1
#Gujarat,2
#SuperstarRajinikanth,1
#hindu,6
#AyodhyaHiddenFacts,3
#MannKiBaat,1
"#SardarPatel,",1
#Mind_it,2
#arnabgoswami,1
#Thalaivar,1
#Ambassacat,1
#StatueOfLiberty,3
"#Statue_of_Unity
It",7
#AmitSharmainsights,1
#SymbolOfLove,4
#India,39
#TISNews,1
#2Point0TrailerLaunch,2
#SardarVallabhbhaiPate…,1
#AAPKiSa…,5
