2018-11-13 09:23:38,Meet us at the International conference on Fintech and Banking brought by CAFRAL (promoted by RBI) New Development‚Ä¶ https://t.co/NPx3KVvJ3Q,[]
2018-11-13 09:23:21,RT @grsovent: Everyone has acknowledged that GST was a much needed reform but RAJAN‚Äôs unwarranted criticism of GST has only strengthened th‚Ä¶,[]
2018-11-13 09:23:19,"RT @FollowCII: CII recommends RBI should solve the current, tight liquidity situation. #CII4Growth #CIIResearch
 @FinMinIndia @arunjaitley‚Ä¶","['#CII4Growth', '#CIIResearch\n']"
2018-11-13 09:23:04,RT @ashwani_mahajan: ‚Å¶@Swamy39‚Å© R3‚Äôs INTELLECTUAL DISHONESTY We have strange coincidence that economist &amp; Ex GovRBI known to speak his mind‚Ä¶,[]
2018-11-13 09:22:51,RT @vishalnautamlal: @akandpal @ThinkersPad @swamilion @jagdishshetty @Swamy39 @Ish_Bhandari @nviswam @HinduDharma1 @LohittUrs @niku1630 @g‚Ä¶,[]
2018-11-13 09:22:51,@HomEquityIndia @RBI @SBILife @PNBMetlife1 @ICICIPruLife @RNTata2000 @AegonLife @HDFCLife_Cares @LICIndiaForever‚Ä¶ https://t.co/1IkFCbXLV8,[]
2018-11-13 09:22:19,October inflation print questions credibility of RBI forecasting: SBI report https://t.co/TEDaufkEdC,[]
2018-11-13 09:21:53,RT @ashokgehlot51: Modi govt is putting undue pressure over #RBI and trying to disrupt its functioning. NDA is destroying institution after‚Ä¶,['#RBI']
2018-11-13 09:21:46,why these co's ailing in first place? what's causing them into IBC? #SupremeCourtofIndia is meant to hear grief if‚Ä¶ https://t.co/R80SOMacUV,['#SupremeCourtofIndia']
2018-11-13 09:20:50,"RT @geetv79: - Is this Fekunomist contradicting RBI on the zero black money unearthed by  #DeMoDisaster ?

- If Modi claims to have unearth‚Ä¶",['#DeMoDisaster']
2018-11-13 09:20:43,RT @ashokgehlot51: Modi govt is putting undue pressure over #RBI and trying to disrupt its functioning. NDA is destroying institution after‚Ä¶,['#RBI']
2018-11-13 09:20:38,"RT @BT_India: Liquidity crunch, RBI-govt spat, crude crash and more: Key factors that will drive the market https://t.co/exNhuCFm5V https:/‚Ä¶",[]
2018-11-13 09:20:06,"RT @BT_India: Liquidity crunch, RBI-govt spat, crude crash and more: Key factors that will drive the market https://t.co/exNhuCFm5V https:/‚Ä¶",[]
2018-11-13 09:20:01,"RT @bsindia: #RBIvsGovt : The @RBI seems convinced that India‚Äôs shadow banks, dominated by NBFCs need to clean up their act and they won‚Äôt‚Ä¶",['#RBIvsGovt']
2018-11-13 09:19:49,"RT @VinayDokania: Dear govt, RBI income is not meant for your expenses https://t.co/OizU3n9UJF",[]
2018-11-13 09:19:47,RT @SomenMitraINC: The Modi govt trying to hide its incompetence and failure in managing key economic factors like fiscal deficit is forget‚Ä¶,[]
2018-11-13 09:19:11,"RT @NischalShetty: Dear @arunjaitley

We the people, request you to give us our right to use banking for buying &amp; selling digital assets/Cr‚Ä¶",[]
2018-11-13 09:18:50,"RT @Swamy39: If I apply Samuelson-Swamy Theory of Index Numbers to India's GDP calculation or RBI interests rates, media will scream anti p‚Ä¶",[]
2018-11-13 09:18:41,"RT @geetv79: - Is this Fekunomist contradicting RBI on the zero black money unearthed by  #DeMoDisaster ?

- If Modi claims to have unearth‚Ä¶",['#DeMoDisaster']
2018-11-13 09:18:37,"Thanks for the tweet, are you aware of this petition against RBI? Please spread the word https://t.co/dkM3OHhLM6 -‚Ä¶ https://t.co/Yf9Pv3AjX2",[]
2018-11-13 09:18:24,"RT @SalmanSoz: I think the government has lost all credibility on GDP growth data, especially the back series. If the govt can arm-twist th‚Ä¶",[]
2018-11-13 09:18:09,"RT @bsindia: #RBIvsGovt : The @RBI seems convinced that India‚Äôs shadow banks, dominated by NBFCs need to clean up their act and they won‚Äôt‚Ä¶",['#RBIvsGovt']
2018-11-13 09:17:34,keynote of #AlexHofmann @MaibornWolff about #microservices at RBI SDLC Summit - Breaking points in microservices -‚Ä¶ https://t.co/1H3iARD32L,"['#AlexHofmann', '#microservices']"
2018-11-13 09:17:19,"RT @BT_India: Liquidity crunch, RBI-govt spat, crude crash and more: Key factors that will drive the market https://t.co/exNhuCFm5V https:/‚Ä¶",[]
2018-11-13 09:17:11,RT @RenukaJain6: An excellent article showing real face of Raghu Ram Rajan. I wrote this long back. He collided with congress in 80 20 sche‚Ä¶,[]
2018-11-13 09:17:10,"RT @sandipsabharwal: October #CPI again undershoots #MPC and @RBI estimates. This has now happened for months on end.
We need a rate cut no‚Ä¶","['#CPI', '#MPC']"
2018-11-13 09:17:04,"RT @bsindia: #RBIvsGovt : The @RBI seems convinced that India‚Äôs shadow banks, dominated by NBFCs need to clean up their act and they won‚Äôt‚Ä¶",['#RBIvsGovt']
2018-11-13 09:16:59,"RT @sandipsabharwal: For those who should poor macros
September #IIP comes above expectations
October #CPI comes below expectations
Macros‚Ä¶","['#IIP', '#CPI']"
2018-11-13 09:16:53,"RT @NischalShetty: Dear @arunjaitley

We the people, request you to give us our right to use banking for buying &amp; selling digital assets/Cr‚Ä¶",[]
2018-11-13 09:16:47,"RT @someshjha7: In RBI's previous board meeting, its Deputy Governor Viral Acharya told the government to privatise public sector banks if‚Ä¶",[]
2018-11-13 09:16:36,So That Is #DigitalIndia..These Are The Clicks Of #bank Of Baroda Indore (A.B Road Branch). Most Of The Time Deposi‚Ä¶ https://t.co/Vb3KLTSq1i,"['#DigitalIndia..These', '#bank']"
2018-11-13 09:16:07,"RT @geetv79: - Is this Fekunomist contradicting RBI on the zero black money unearthed by  #DeMoDisaster ?

- If Modi claims to have unearth‚Ä¶",['#DeMoDisaster']
2018-11-13 09:15:47,@AmarUjalaNews @RahulGandhi @rssurjewala JaiHind .massive lie of PM Modi is going without any senses..people of Ind‚Ä¶ https://t.co/GlXiYeJ2yL,[]
2018-11-13 09:15:43,RT @suchetadalal: Few people know that #SFIO and its activities are not in purview of #NCLT and @udaykotak led board not looking at wealth‚Ä¶,"['#SFIO', '#NCLT']"
2018-11-13 09:15:34,"RT @ani_digital: Senior Congress leader P Chidambaram launched a scathing attack on Centre for desperately ""eyeing"" the reserves of the Res‚Ä¶",[]
2018-11-13 09:15:34,"RT @SalmanSoz: I think the government has lost all credibility on GDP growth data, especially the back series. If the govt can arm-twist th‚Ä¶",[]
2018-11-13 09:15:23,@CNNnews18 @narendramodi JaiHind .massive lie of PM Modi is going without any senses..people of India saw biggest b‚Ä¶ https://t.co/D8fsSsIKey,[]
2018-11-13 09:15:11,@TVadakkan Why @anilambani a declare NPA Defaulter by @RBI / @indianbanks choosan to be Offsets partner in‚Ä¶ https://t.co/5u35MHseDx,[]
2018-11-13 09:14:54,@whiteyj5 @Topsheff42 @RiverAveBlues Enjoyable conversation Josh. I‚Äôll take the 92 RBI and the 83 runs Andujar put‚Ä¶ https://t.co/9Jvutrpu7V,[]
2018-11-13 09:14:46,"Liquidity crunch, RBI-govt spat, crude crash and more: Key factors that will drive the market‚Ä¶ https://t.co/3BkzP1hP3G",[]
2018-11-13 09:14:34,RT @ashwani_mahajan: ‚Å¶@Swamy39‚Å© R3‚Äôs INTELLECTUAL DISHONESTY We have strange coincidence that economist &amp; Ex GovRBI known to speak his mind‚Ä¶,[]
2018-11-13 09:14:23,RT @Mausam1975: Here's why RBI is convinced that India's shadow banks need to suffer https://t.co/laJcJCMLk7 @Swamy39,[]
2018-11-13 09:13:40,"RT @shenoy70: Except PM Modi and RBI Governor ,everyone seems to know everything going on between PM Modi and RBI Governor https://t.co/vD9‚Ä¶",[]
2018-11-13 09:13:24,"RT @iAnkurSingh: As RBI Governor, Raghuram Rajan campaigned for GST.

Now he criticises it because of his politics. https://t.co/gAdYWF2q1C",[]
2018-11-13 09:13:12,@kadamsakshi1990 @krajesh223 @malhotrar093 @arjun_dawda @ahujakiran0 @adammils875 @SameerC43364131 @CGokhle‚Ä¶ https://t.co/hnCZAOYJoU,[]
2018-11-13 09:13:10,"@Jared_Tims @arriannaspino Andujar‚Äôs ranks amongst MLB rookies:

1st in doubles 
3rd in hits
2nd runs 
T-1st homeru‚Ä¶ https://t.co/8sNfcd6KmP",[]
2018-11-13 09:13:03,RT @ashokgehlot51: Modi govt is putting undue pressure over #RBI and trying to disrupt its functioning. NDA is destroying institution after‚Ä¶,['#RBI']
2018-11-13 09:12:54,RT @RenukaJain6: An excellent article showing real face of Raghu Ram Rajan. I wrote this long back. He collided with congress in 80 20 sche‚Ä¶,[]
2018-11-13 09:12:54,"RT @ani_digital: Senior Congress leader P Chidambaram launched a scathing attack on Centre for desperately ""eyeing"" the reserves of the Res‚Ä¶",[]
2018-11-13 09:12:53,USD/INR sideways momentum at 72.50-72.65 and 10Y bond 7.17% 2028 holding play at 7.75-7.775% (with stay at lower ha‚Ä¶ https://t.co/4WtvvD2Vdk,[]
2018-11-13 09:12:43,RT @Mausam1975: @vishalnautamlal @nviswam @akandpal @ThinkersPad @swamilion @jagdishshetty @Swamy39 @Ish_Bhandari @HinduDharma1 @LohittUrs‚Ä¶,[]
2018-11-13 09:12:43,"RT @INCIndia: Govt of India is raiding RBI, a pillar of govt, for illegal and impermissible electoral sops. This is totally unthinkable in‚Ä¶",[]
2018-11-13 09:12:30,RT @Mausam1975: Here's why RBI is convinced that India's shadow banks need to suffer https://t.co/laJcJCMLk7 @Swamy39,[]
2018-11-13 09:12:12,"@pnbindia @TheOfficialSBI @RBI
@UPI_NPCI @arunjaitley 
Worst service providing by PNB&amp;SBI CC Services.. Same issue‚Ä¶ https://t.co/SniRU42ZPB",[]
2018-11-13 09:12:11,"RT @bsindia: #RBIvsGovt : The @RBI seems convinced that India‚Äôs shadow banks, dominated by NBFCs need to clean up their act and they won‚Äôt‚Ä¶",['#RBIvsGovt']
2018-11-13 09:11:54,@RahulGandhi This is the reason pm always said money come from bed but how much never tell RBI said 99.3% money bac‚Ä¶ https://t.co/kFzx4lK6xt,[]
2018-11-13 09:11:37,"No respite for Bank of India, amid RBI vs Govt over PCA https://t.co/EXHmgnFIT3",[]
2018-11-13 09:11:25,"No respite for Bank of India, amid RBI vs Govt over PCA https://t.co/VgUZalnUCE",[]
2018-11-13 09:11:23,"@vindawg2197 Andujar had a better batting average, more homeruns, RBI‚Äôs and was the best hitter on a 103 win team t‚Ä¶ https://t.co/ettkupZ8iJ",[]
2018-11-13 09:10:43,"Thank you brother for the link and details will apply.
Problem is customer care refusing to upgrade the card,hope‚Ä¶ https://t.co/vqUQNH3sKf",[]
2018-11-13 09:10:31,"RT @dravirmani: #FakeNews? To my understanding of what the PEA @sanjeevsanyal said on several TV interviews last week, the govt has no such‚Ä¶",['#FakeNews?']
2018-11-13 09:10:23,"In an exclusive interview with Property House Magazine, Mr. Dhiraj Jain, Director, Mahagun Group shared his views o‚Ä¶ https://t.co/CKI8ViePe9",[]
2018-11-13 09:10:15,@SBICard_Connect @TheOfficialSBI bad service of credit card. No responsbility #RBI #DigitalIndia #pmoindia #YogiAdityanath,"['#RBI', '#DigitalIndia', '#pmoindia', '#YogiAdityanath']"
2018-11-13 09:10:08,"RT @geetv79: - Is this Fekunomist contradicting RBI on the zero black money unearthed by  #DeMoDisaster ?

- If Modi claims to have unearth‚Ä¶",['#DeMoDisaster']
2018-11-13 09:10:07,@krajesh223 @malhotrar093 @arjun_dawda @ahujakiran0 @adammils875 @SameerC43364131 @CGokhle @DishaSawant26‚Ä¶ https://t.co/4oquOscj7x,[]
2018-11-13 09:10:05,"When already economic offenders like mallya and nirav modi looted  banks and left India .

Why doesn't govt want RB‚Ä¶ https://t.co/lt8G6qx47I",[]
2018-11-13 09:10:02,"RT @surjitbhalla: While the RBI/MPC keeps raising rates at will it is important to document that for the first 10 months, the 4.3 % CPI inf‚Ä¶",[]
2018-11-13 09:10:00,"#RBIvsGovt : The @RBI seems convinced that India‚Äôs shadow banks, dominated by NBFCs need to clean up their act and‚Ä¶ https://t.co/grZgQeDXJj",['#RBIvsGovt']
2018-11-13 09:09:16,"RT @BasebaIlKing: Miguel didn‚Äôt win Rookie Of The Year but he did have an incredible season.
Here are his stats:
.297 AVG
27 HR
92 RBI
47 D‚Ä¶",[]
2018-11-13 09:08:56,"RT @SalmanSoz: I think the government has lost all credibility on GDP growth data, especially the back series. If the govt can arm-twist th‚Ä¶",[]
2018-11-13 09:08:52,@NSDLeGovernance @PMOIndia @IncomeTaxIndia @IncomeTax_India @RBI @PMO_NaMo @IncomeTaxIndia @IncomeTax_India Do you‚Ä¶ https://t.co/V8yK4n63lj,[]
2018-11-13 09:08:51,@AxisBank @AxisBankSupport @RBI Got mail from your nodal office stating that  I regret that I am unable to fulfill‚Ä¶ https://t.co/9WtO0CNaNq,[]
2018-11-13 09:08:42,RT @mikony2: This was the same @RussellBluejac1 Who came to our leader with his knees today his opening his mouth to say rubbish about a wo‚Ä¶,[]
2018-11-13 09:08:37,"RT @SalmanSoz: I think the government has lost all credibility on GDP growth data, especially the back series. If the govt can arm-twist th‚Ä¶",[]
2018-11-13 09:08:27,@SaakreKarthik @ICICIBank Simply bring this matter to the notice of RBI ombudsman.... unsolicited cards issuance...‚Ä¶ https://t.co/weUhp4U0Q2,[]
2018-11-13 09:07:59,"RT @geetv79: - Is this Fekunomist contradicting RBI on the zero black money unearthed by  #DeMoDisaster ?

- If Modi claims to have unearth‚Ä¶",['#DeMoDisaster']
2018-11-13 09:07:57,RT @SandipGhose: For all those who have been reacting to my tweet on #RaghuramRajan saying he didn't criticize #GST - this üëá is the headlin‚Ä¶,"['#RaghuramRajan', '#GST']"
2018-11-13 09:07:39,@C_saxena_ @LICIndiaForever @SBILife @HDFCLIFE @ICICIPruLife @AxisBank @TheOfficialSBI @HDFC_Bank @centralbank_in‚Ä¶ https://t.co/8XerVPPPP9,[]
2018-11-13 09:07:27,@malhotrar093 @arjun_dawda @ahujakiran0 @adammils875 @SameerC43364131 @CGokhle @DishaSawant26 @kadamsakshi1990‚Ä¶ https://t.co/VWSqIMm5Ul,[]
2018-11-13 09:07:26,"During October, the headline consumer price index (CPI) significantly declined to 3.31%, in contrast to market cons‚Ä¶ https://t.co/JSDesM7ibD",[]
2018-11-13 09:07:22,RT @Ra_Bies: Latha Deedi ka toh dil toot gaya hoga. All what she wished was a tussle with RBI Governor resigning https://t.co/JAMH18g5MZ,[]
2018-11-13 09:07:02,"@mini_707070 @ssingapuri @ndtv @kanhaiyakumar After 2014 , every Tom , dick &amp; Harry has become an Economist or defe‚Ä¶ https://t.co/ioW2EHzVrW",[]
2018-11-13 09:07:00,"@mkvenu1 @MeHillbilly So RBI admits fraudulent activities happened in UPA regime, can RBI highlight those activities",[]
2018-11-13 09:06:42,RT @Mausam1975: @vishalnautamlal @nviswam @akandpal @ThinkersPad @swamilion @jagdishshetty @Swamy39 @Ish_Bhandari @HinduDharma1 @LohittUrs‚Ä¶,[]
2018-11-13 09:06:41,RT @INCIndia: There is no greater evidence of gross mismanagement of the Indian economy by the Modi Govt than its attempt to force the RBI‚Ä¶,[]
2018-11-13 09:06:40,"RT @Dheerendra_125: @arunjaitley #isupportcrypto 

Dear sir

We the people, request you to give us our right to use banking for buying &amp; se‚Ä¶",['#isupportcrypto']
2018-11-13 09:06:02,"RT @BharatVarma3: @Scimitar_SS This was before the aadhaar judgment.
After the judgment, all commercial use of aadhaar is illegal. This tru‚Ä¶",[]
2018-11-13 09:05:28,"RT @Dheerendra_125: @narendramodi #isupportcrypto 

Dear sir

We the people, request you to give us our right to use banking for buying &amp; s‚Ä¶",['#isupportcrypto']
2018-11-13 09:05:27,RT @Mausam1975: @vishalnautamlal @nviswam @akandpal @ThinkersPad @swamilion @jagdishshetty @Swamy39 @Ish_Bhandari @HinduDharma1 @LohittUrs‚Ä¶,[]
2018-11-13 09:05:25,@Swamy39 @ashwani_mahajan Agree 100 %. Especially he has Awakened after 2 years &amp; enjoying all while in RBI leading‚Ä¶ https://t.co/i3LIB1ABU3,[]
2018-11-13 09:04:46,RT @Mausam1975: @nviswam @vishalnautamlal @akandpal @ThinkersPad @swamilion @jagdishshetty @Swamy39 @Ish_Bhandari @HinduDharma1 @LohittUrs‚Ä¶,[]
2018-11-13 09:04:38,RT @ashwani_mahajan: ‚Å¶@Swamy39‚Å© R3‚Äôs INTELLECTUAL DISHONESTY We have strange coincidence that economist &amp; Ex GovRBI known to speak his mind‚Ä¶,[]
2018-11-13 09:04:35,@arjun_dawda @ahujakiran0 @adammils875 @SameerC43364131 @CGokhle @DishaSawant26 @kadamsakshi1990 @nikkipatel260‚Ä¶ https://t.co/EPZ3kKFKB2,[]
2018-11-13 09:04:34,@thesuniljain @RBI @renukohli_eco @RBI has Rs 9 lac crores reserves which is officially owned by government of Indi‚Ä¶ https://t.co/CsT9W3gRkc,[]
2018-11-13 09:04:28,RT @vishalnautamlal: @akandpal @ThinkersPad @swamilion @jagdishshetty @Swamy39 @Ish_Bhandari @nviswam @HinduDharma1 @LohittUrs @niku1630 @g‚Ä¶,[]
2018-11-13 09:04:27,"RT @geetv79: - Is this Fekunomist contradicting RBI on the zero black money unearthed by  #DeMoDisaster ?

- If Modi claims to have unearth‚Ä¶",['#DeMoDisaster']
2018-11-13 09:03:55,"RT @hi_paresh: It seems RBI Governor and Modiji met to discuss things.

What exactly did the they discuss if RBI governor doesn't care abou‚Ä¶",[]
2018-11-13 09:03:52,RT @SandipGhose: For all those who have been reacting to my tweet on #RaghuramRajan saying he didn't criticize #GST - this üëá is the headlin‚Ä¶,"['#RaghuramRajan', '#GST']"
2018-11-13 09:03:30,"RT @mariomasv: @jakeplumley31 @vridner @MLB @Angels @MikeTrout @MAndujarPapa Better ops = better hitter, it's pretty damn basic. We're not‚Ä¶",[]
2018-11-13 09:03:22,"RT @Dheerendra_125: @narendramodi #isupportcrypto 

Dear sir

We the people, request you to give us our right to use banking for buying &amp; s‚Ä¶",['#isupportcrypto']
2018-11-13 09:03:03,"@jakeplumley31 @vridner @MLB @Angels @MikeTrout @MAndujarPapa Better ops = better hitter, it's pretty damn basic. W‚Ä¶ https://t.co/COfE9bXsDP",[]
2018-11-13 09:02:45,"RT @VinayDokania: ""PM Modi Planning Demonetisation Part-II"": Congress On RBI Controversy https://t.co/LIDlk8TVpr",[]
2018-11-13 09:02:38,RT @subramanianravi: DON'T TELL THE GOVERNOR ... the financial thriller of the year is out in bookstores now. Watch the video promo here. S‚Ä¶,[]
2018-11-13 09:02:23,Hall collects pinch-hit RBI in AFL on¬†Monday https://t.co/N4MIGp8MkT https://t.co/vxeadb81vk,[]
2018-11-13 09:01:51,"RT @someshjha7: In RBI's previous board meeting, its Deputy Governor Viral Acharya told the government to privatise public sector banks if‚Ä¶",[]
2018-11-13 09:01:46,"RT @hi_paresh: It seems RBI Governor and Modiji met to discuss things.

What exactly did the they discuss if RBI governor doesn't care abou‚Ä¶",[]
2018-11-13 09:01:44,@C_saxena_ @LICIndiaForever @SBILife @HDFCLIFE @ICICIPruLife @AxisBank @TheOfficialSBI @HDFC_Bank @centralbank_in‚Ä¶ https://t.co/L3jE2BishY,[]
2018-11-13 09:01:17,"@narendramodi #isupportcrypto 

Dear sir

We the people, request you to give us our right to use banking for buying‚Ä¶ https://t.co/Dotb8O5U5W",['#isupportcrypto']
2018-11-13 09:00:59,English Quiz For IBPS PO | IBPS Clerk | Railway | IBPS SO | Canara Bank PO | RBI &amp; Other¬†Exams‚Ä¶ https://t.co/NNoQv5tH3A,[]
2018-11-13 09:00:53,"RT @someshjha7: In RBI's previous board meeting, its Deputy Governor Viral Acharya told the government to privatise public sector banks if‚Ä¶",[]
2018-11-13 09:00:32,"RT @NDTVProfit: RBI Gets A Breathing Space As Consumer Inflation Drops To 13-Month Low
https://t.co/nSobEiegkj",[]
2018-11-13 09:00:29,RBI Gets A Breather As Consumer Inflation Drops To 13-Month¬†Low https://t.co/KQNrRjlzgD https://t.co/zh4XWVtVMZ,[]
2018-11-13 09:00:25,"RT @geetv79: - Is this Fekunomist contradicting RBI on the zero black money unearthed by  #DeMoDisaster ?

- If Modi claims to have unearth‚Ä¶",['#DeMoDisaster']
2018-11-13 09:00:23,"RT @Dheerendra_125: @arunjaitley #isupportcrypto 

Dear sir

We the people, request you to give us our right to use banking for buying &amp; se‚Ä¶",['#isupportcrypto']
2018-11-13 09:00:11,RT @MLBazFallLeague: Andres Gimenez (@Mets) walks it off with a two RBI double to top off Scottsdale's three-run ninth. The Scorpions win 5‚Ä¶,[]
2018-11-13 09:00:03,"RT @NischalShetty: Dear @arunjaitley

The RBI ban is leading to negative outlook of Crypto in India. New investments and crypto companies a‚Ä¶",[]
2018-11-13 09:00:01,There is a lot to be said for institutional autonomy for organisations like the CBI and the RBI. Investigations and‚Ä¶ https://t.co/mtEoyUhIND,[]
2018-11-13 08:59:50,"@tyagiamit14 I think it's an RBI issue. Anyway, ever since I have my Amex, I only have OTP for online transactions.",[]
2018-11-13 08:59:40,RT @SomenMitraINC: The Modi govt trying to hide its incompetence and failure in managing key economic factors like fiscal deficit is forget‚Ä¶,[]
2018-11-13 08:59:37,"RT @VinayDokania: Dear govt, RBI income is not meant for your expenses https://t.co/OizU3n9UJF",[]
2018-11-13 08:59:36,"RT @geetv79: - Is this Fekunomist contradicting RBI on the zero black money unearthed by  #DeMoDisaster ?

- If Modi claims to have unearth‚Ä¶",['#DeMoDisaster']
2018-11-13 08:58:58,"RT @Dheerendra_125: @arunjaitley #isupportcrypto 

Dear sir

We the people, request you to give us our right to use banking for buying &amp; se‚Ä¶",['#isupportcrypto']
2018-11-13 08:58:40,"MUMBAI - Urjit Patel, the governor of the Reserve Bank of India (RBI), met Prime Minister Narendra Modi on Friday t‚Ä¶ https://t.co/ys8SVws4Pn",[]
2018-11-13 08:58:21,RT @VinayDokania: Modi Printing Rs 3.6 Lakh Crore Would Be Worse Than Demonetisation https://t.co/gC363qQy4r,[]
2018-11-13 08:58:12,"RT @geetv79: - Is this Fekunomist contradicting RBI on the zero black money unearthed by  #DeMoDisaster ?

- If Modi claims to have unearth‚Ä¶",['#DeMoDisaster']
2018-11-13 08:58:11,"@arunjaitley #isupportcrypto 

Dear sir

We the people, request you to give us our right to use banking for buying‚Ä¶ https://t.co/XfQts83r4l",['#isupportcrypto']
2018-11-13 08:57:43,"#DIGITALINDIA........WHAT HA.HA.HA.HA.HA.
PLEASE
#RETWWET
#RBI
#BITCOIN

Bitcoin Accepted Here: Major US Museum Now‚Ä¶ https://t.co/1kFvX2UGKn",['#DIGITALINDIA........WHAT']
2018-11-13 08:57:19,RT @Moneylifers: Scores of institutions are headless and decisions are being taken by people without domain knowledge. It‚Äôs not just the RB‚Ä¶,[]
2018-11-13 08:57:14,RT @ashwani_mahajan: ‚Å¶@Swamy39‚Å© R3‚Äôs INTELLECTUAL DISHONESTY We have strange coincidence that economist &amp; Ex GovRBI known to speak his mind‚Ä¶,[]
2018-11-13 08:57:12,"RT @INCIndia: Govt of India is raiding RBI, a pillar of govt, for illegal and impermissible electoral sops. This is totally unthinkable in‚Ä¶",[]
2018-11-13 08:56:45,"RT @ndtv: Notes ban, GST held back India's economic growth: Former RBI Governor Raghuram Rajan https://t.co/mvRCqcOFUL https://t.co/MmX49Ex‚Ä¶",[]
2018-11-13 08:56:27,@PMOIndia @arunjaitley @RBI @SEBI_India @nitin_gadkari @urjitpatel100 @SecretaryDEA @rsprasad @ajtak_news‚Ä¶ https://t.co/XlPmlzkHJK,[]
2018-11-13 08:56:23,"RT @MLBRandomStats: Shohei Ohtani 2018 season:

93 for 326, 21 doubles, 2 triples, 22 home runs, 61 RBI, 37 walks, 102 strikeouts, .285 BA,‚Ä¶",[]
2018-11-13 08:56:15,View: Former RBI governor Raghuram Rajan hits a jarring false note in his GST critique https://t.co/OkF3VlGmwr via @economictimes,[]
2018-11-13 08:55:36,"RBI amends Foreign Exchange Management (Deposit) Regulations, 2016 https://t.co/rvV9C1CylR",[]
2018-11-13 08:55:34,RBI specifies norms for opening and maintenance of Constituents Subsidiary General Ledger Account https://t.co/xaKrvso8or,[]
2018-11-13 08:55:34,RBI Guv May Have Met PM on Nov 9 to Resolve Issues https://t.co/mIIs83EMX6,[]
2018-11-13 08:55:31,"RT @Dheerendra_125: #isupportcrypto
#CryptoforIndia
#blockchain #cryptocurrency

#Bitcoin Accepted Here:Major US Museum Now Takes Crypto Pa‚Ä¶","['#isupportcrypto\n#CryptoforIndia\n#blockchain', '#cryptocurrency\n\n#Bitcoin']"
2018-11-13 08:55:31,Govt vs RBI: Urjit Patel meets PM Narendra Modi amid ongoing tussle https://t.co/bJJjBwhVjC,[]
2018-11-13 08:55:23,"RT @SagirAhmad_INC: The recent controversy on the Independence of the RBI from government raised issues of principle.
In democracy the elec‚Ä¶",[]
2018-11-13 08:54:33,"@BJP4India @narendramodi Why RBI refuse to give money to government????
Because demonetization is a big failure",[]
2018-11-13 08:54:24,"RT @hi_paresh: It seems RBI Governor and Modiji met to discuss things.

What exactly did the they discuss if RBI governor doesn't care abou‚Ä¶",[]
2018-11-13 08:54:04,"#banknifty Big move expected
On down side
If rbi and government don't settle on the same page soon",['#banknifty']
2018-11-13 08:53:54,"@RoyMcGinley @Joelsherman1 Higher OPS, Almost as many HR and RBI in less games. Also pitched though not Miguel fault there, Higher WAR too.",[]
2018-11-13 08:53:34,RT @chandpc123: Again inflation declined but RBI always thinks for increase in interest rate.RBI's Monetary policy is nt inflation targetin‚Ä¶,[]
2018-11-13 08:53:19,"RT @ThinkersPad: He is yapping because he has never been cornered for printing Indian Currency irresponsibly and possibly, allowing unautho‚Ä¶",[]
2018-11-13 08:53:18,RT @BloombergAsia: India‚Äôs consumer price inflation -- already back below the central bank‚Äôs 4% mandate -- is set to slow further in the mo‚Ä¶,[]
2018-11-13 08:53:13,RT @suchetadalal: Few people know that #SFIO and its activities are not in purview of #NCLT and @udaykotak led board not looking at wealth‚Ä¶,"['#SFIO', '#NCLT']"
2018-11-13 08:53:11,"RT @imPk_Lucknowi: India is cash crunch country, RBI Governer Urjit Patel may ho or stay, keeping so much money as a reserve with it is bad‚Ä¶",[]
2018-11-13 08:53:02,"Backing #RBI on #NPAs, Jaitley says minimising #badloans alone will ensure credit flow. https://t.co/5eGnh4icuv‚Ä¶ https://t.co/H2hKK7Bkcd","['#RBI', '#NPAs,', '#badloans']"
2018-11-13 08:52:54,"RT @NischalShetty: Since we've started the campaign, I've been getting a lot of suggestions to reach our goal. Positive crypto regulation i‚Ä¶",[]
2018-11-13 08:52:53,"RT @geetv79: - Is this Fekunomist contradicting RBI on the zero black money unearthed by  #DeMoDisaster ?

- If Modi claims to have unearth‚Ä¶",['#DeMoDisaster']
2018-11-13 08:52:44,"RT @MinhazMerchant: With inflation down to 3.31% and food inflation (-)0.86%, it‚Äôs surely time for @RBI to cut interest rates. Will help in‚Ä¶",[]
2018-11-13 08:52:23,"RT @NischalShetty: Dear @arunjaitley

We the people, request you to give us our right to use banking for buying &amp; selling digital assets/Cr‚Ä¶",[]
2018-11-13 08:52:16,RT @ashokgehlot51: Modi govt is putting undue pressure over #RBI and trying to disrupt its functioning. NDA is destroying institution after‚Ä¶,['#RBI']
2018-11-13 08:52:12,"RT @rohittawakley: Just as @FinMinIndia via RBI has identified D-Sibs (3 banks too big to fail), request @MoHUA_India to do same for RE pro‚Ä¶",[]
2018-11-13 08:52:08,"RT @INCIndia: Govt of India is raiding RBI, a pillar of govt, for illegal and impermissible electoral sops. This is totally unthinkable in‚Ä¶",[]
2018-11-13 08:51:43,@tohid_shaikh021 @TheOfficialSBI @abpnewstv @htTweets @RBI_India @narendramodi Hi Tohid! That's unusual! We have yo‚Ä¶ https://t.co/Frg6hipxHH,[]
2018-11-13 08:51:22,"RT @SalmanSoz: I think the government has lost all credibility on GDP growth data, especially the back series. If the govt can arm-twist th‚Ä¶",[]
2018-11-13 08:51:21,HE WANTS MY FATHER  TO DO CERTAIN FAVOURS  . SIR I SIMPLY WANT TO KNOW DOES THE BANK RUN BY RBI GUIDE LINES OR BY I‚Ä¶ https://t.co/p2m7F2ZDqG,[]
2018-11-13 08:51:07,Hall collects pinch-hit RBI in AFL on Monday https://t.co/jWWF6fB4PN,[]
2018-11-13 08:51:05,"Retail inflation rate drops, giving RBI breathing space - Times of India https://t.co/41dneBZ7ur",[]
2018-11-13 08:49:55,RT @RahulGandhi: Nice that Mr Patel is finally defending the #RBI from Mr 56. Better late then never. India will never allow the BJP/ RSS t‚Ä¶,['#RBI']
2018-11-13 08:49:35,"However, this is due to fight between Govt. Vs RBI, but it is a correct suggestion! The highly paid Chairmen are le‚Ä¶ https://t.co/vEZwYQGCwH",[]
2018-11-13 08:49:26,"RT @jspandey_: Man as head of @RBI presided over longest double digit inflation,been a mute spectator for ""phone banking"" (by political mas‚Ä¶",[]
2018-11-13 08:49:21,"RT @RahulGandhi: Rs 36,00,00,00,00,000 

That‚Äôs how much the PM needs from the RBI to fix the mess his genius economic theories have create‚Ä¶",[]
2018-11-13 08:49:06,@HDFCBank_Cares @HDFC_Bank what's the reason I am been told by your support that they don't have Rupay credit card?‚Ä¶ https://t.co/4SyCCM2jST,[]
2018-11-13 08:49:04,"RT @someshjha7: In RBI's previous board meeting, its Deputy Governor Viral Acharya told the government to privatise public sector banks if‚Ä¶",[]
2018-11-13 08:49:01,RT @SandipGhose: For all those who have been reacting to my tweet on #RaghuramRajan saying he didn't criticize #GST - this üëá is the headlin‚Ä¶,"['#RaghuramRajan', '#GST']"
2018-11-13 08:48:36,RT @guptaa28: A sharp drop in inflation is likely to renew calls for RBI rate cut. Oct. CPI inf. at 3.3%. Nov. could be as low as 2.5-2.6%.‚Ä¶,[]
2018-11-13 08:48:35,"RT @jhumlebaji: @amitmalviya We had red handedly  caught Modi on Rafale deal 8 months ago.
Defence minister ran to France on this issue eve‚Ä¶",[]
2018-11-13 08:48:30,RBI vs Govt: Urjit Patel met Narendra Modi on 9 November to thrash out issues - Livemint https://t.co/c8Orpm2QDT,[]
2018-11-13 08:48:15,"RT @AjayTri78692: I m sure
#‡§ö‡•å‡§ï‡•Ä‡§¶‡§æ‡§∞_‡§π‡•Ä_‡§ö‡•ã‡§∞_‡§π‡•à‡•§
RBI CBI
#BEDTET2011‡§¨‡•á‡§∞‡•ã‡§ú‡§ó‡§æ‡§∞",[]
2018-11-13 08:48:07,"RT @VinayDokania: ""PM Modi Planning Demonetisation Part-II"": Congress On RBI Controversy https://t.co/LIDlk8TVpr",[]
2018-11-13 08:48:00,RT @Idiotrajat: @Manoj_K_Yadav @deepaktaunk5 @ashthek Perception of liquidity crisis post IL&amp;FS problem. Also RBI's insistence on listing o‚Ä¶,[]
2018-11-13 08:47:52,"RT @dravirmani: #FakeNews? To my understanding of what the PEA @sanjeevsanyal said on several TV interviews last week, the govt has no such‚Ä¶",['#FakeNews?']
2018-11-13 08:47:52,@ahujakiran0 @adammils875 @SameerC43364131 @CGokhle @DishaSawant26 @kadamsakshi1990 @nikkipatel260 @mehtadeepa06‚Ä¶ https://t.co/lMLj5litFh,[]
2018-11-13 08:47:25,RT @ashwani_mahajan: ‚Å¶@Swamy39‚Å© R3‚Äôs INTELLECTUAL DISHONESTY We have strange coincidence that economist &amp; Ex GovRBI known to speak his mind‚Ä¶,[]
2018-11-13 08:47:16,"RT @RBI: RBI cancels Certificate of Registration of 31 NBFCs
https://t.co/ariSVLk6aM",[]
2018-11-13 08:47:03,"RT @INCIndia: Govt of India is raiding RBI, a pillar of govt, for illegal and impermissible electoral sops. This is totally unthinkable in‚Ä¶",[]
2018-11-13 08:46:53,INDIA SPECIAL - Finance Ministry And RBI Must Settle Differences - https://t.co/vsUTWDvRSB https://t.co/y1XJMr11cI,[]
2018-11-13 08:46:42,"RT @someshjha7: In RBI's previous board meeting, its Deputy Governor Viral Acharya told the government to privatise public sector banks if‚Ä¶",[]
2018-11-13 08:46:32,RT @guptaa28: A sharp drop in inflation is likely to renew calls for RBI rate cut. Oct. CPI inf. at 3.3%. Nov. could be as low as 2.5-2.6%.‚Ä¶,[]
2018-11-13 08:46:32,RT @ashokgehlot51: Modi govt is putting undue pressure over #RBI and trying to disrupt its functioning. NDA is destroying institution after‚Ä¶,['#RBI']
2018-11-13 08:46:31,@adammils875 @SameerC43364131 @CGokhle @DishaSawant26 @kadamsakshi1990 @nikkipatel260 @mehtadeepa06 @malhotrar093‚Ä¶ https://t.co/57vSNKjfPO,[]
2018-11-13 08:46:30,"This isn't d end of ur tourchers towards customers. When they file complaint against bank,then U take Banks Sides o‚Ä¶ https://t.co/P7nhZjjbmS",[]
2018-11-13 08:46:29,"Dear @RBI ! Ur all policies r Banks Oriented only,bt not Customer Oriented. Ur purpose is2 only make profit of the‚Ä¶ https://t.co/yfzhdCvoj7",[]
2018-11-13 08:46:25,RT @ashwani_mahajan: ‚Å¶@Swamy39‚Å© R3‚Äôs INTELLECTUAL DISHONESTY We have strange coincidence that economist &amp; Ex GovRBI known to speak his mind‚Ä¶,[]
2018-11-13 08:45:18,"RT @AjayTri78692: I m sure
#‡§ö‡•å‡§ï‡•Ä‡§¶‡§æ‡§∞_‡§π‡•Ä_‡§ö‡•ã‡§∞_‡§π‡•à‡•§
RBI CBI
#BEDTET2011‡§¨‡•á‡§∞‡•ã‡§ú‡§ó‡§æ‡§∞",[]
2018-11-13 08:44:54,@narendramodi It is talked about that during UPA time lot of duplicate notes were printed by RBI. Kindly arrange CBI investigation.,[]
2018-11-13 08:44:50,RT @Mausam1975: Here's why RBI is convinced that India's shadow banks need to suffer https://t.co/laJcJCMLk7 @Swamy39,[]
2018-11-13 08:44:48,"RT @BasebaIlKing: Miguel didn‚Äôt win Rookie Of The Year but he did have an incredible season.
Here are his stats:
.297 AVG
27 HR
92 RBI
47 D‚Ä¶",[]
2018-11-13 08:44:15,"RT @pbhushan1: We have given you 700 days,Modiji, instead of 50 days you asked for, to show the 3LCr of Black money unearthed by Noteban.Bu‚Ä¶",[]
2018-11-13 08:44:15,@SameerC43364131 @ahujakiran0 @CGokhle @DishaSawant26 @kadamsakshi1990 @nikkipatel260 @mehtadeepa06 @malhotrar093‚Ä¶ https://t.co/FrNStvxkFl,[]
2018-11-13 08:44:06,RT @Mausam1975: Here's why RBI is convinced that India's shadow banks need to suffer https://t.co/laJcJCMLk7 @Swamy39,[]
2018-11-13 08:43:47,RT @ashwani_mahajan: ‚Å¶@Swamy39‚Å© R3‚Äôs INTELLECTUAL DISHONESTY We have strange coincidence that economist &amp; Ex GovRBI known to speak his mind‚Ä¶,[]
2018-11-13 08:43:36,RT @Mausam1975: Here's why RBI is convinced that India's shadow banks need to suffer https://t.co/laJcJCMLk7 @Swamy39,[]
2018-11-13 08:43:14,"RT @darshit1984: Oil is down 20% from high,
Dollar is stable,
Inflation 13 months low,
RBi and GOVT works to stabilize ILFS issue,
Record i‚Ä¶",[]
2018-11-13 08:42:55,View: Former RBI governor Raghuram Rajan hits a jarring false note in his GST critique  A road slowly travelled!!‚Ä¶ https://t.co/UowXPT3GaQ,[]
2018-11-13 08:42:45,"RT @jillpainter: Congrats to shohei ohtani for winning AL rookie of the year. Here was my bbwAA rookie of the year ballot.
1 Ohtani ‚úÖ
2 And‚Ä¶",[]
2018-11-13 08:42:18,@TheOfficialSBI As per @zomatocare the amount is refunded but today 12 day passed but till now amount is not refund‚Ä¶ https://t.co/9Y6zTzeYWR,[]
2018-11-13 08:42:00,"RT @sunitarora: Overheard @ breakfast: ""...the ex-guv told me it's a battle between arrogance of knowledge and arrogance of power."" #RBIvsG‚Ä¶",['#RBIvsG\xe2\x80\xa6']
2018-11-13 08:41:59,RT @BloombergAsia: India‚Äôs consumer price inflation -- already back below the central bank‚Äôs 4% mandate -- is set to slow further in the mo‚Ä¶,[]
2018-11-13 08:41:51,@TheOfficialSBI its d responsibility of SBI2migrate magstripe card to EVM b4 31Dec18 as RBI DPSS circular dtd 27Aug‚Ä¶ https://t.co/oeyCUk4Oi2,[]
2018-11-13 08:41:24,"@iatulrai In order to assist you in a more effective way, we request you to confirm if your existing debit card is‚Ä¶ https://t.co/Er1KWCsljE",[]
2018-11-13 08:41:20,@amazonIN weird situation ur delhivery executive says we don't accept folded 2000 rupee note give us a which is not‚Ä¶ https://t.co/7B0GGVSx1v,[]
2018-11-13 08:41:18,"RT @angelsteve89: Andujar finishing 2nd in Rookie of the Year voting does not diminish what an incredible year he had for the Yankees.

Sto‚Ä¶",[]
2018-11-13 08:40:52,"RT @geetv79: - Is this Fekunomist contradicting RBI on the zero black money unearthed by  #DeMoDisaster ?

- If Modi claims to have unearth‚Ä¶",['#DeMoDisaster']
2018-11-13 08:40:39,"RT @NischalShetty: Dear @arunjaitley

We the people, request you to give us our right to use banking for buying &amp; selling digital assets/Cr‚Ä¶",[]
2018-11-13 08:40:23,"RT @SwarajyaMag: Agitated RBI Lashes Out At The Government: Asks For Privatisation Of State-Run Banks, Says Report 

https://t.co/85ThhFVvQF",[]
2018-11-13 08:40:02,RT @ETNOWlive: #RBIvsGovt | RBI Guv Urjit Patel is believed to have met PM Modi last week. In a bid to work out a solution on contentious i‚Ä¶,['#RBIvsGovt']
2018-11-13 08:39:43,"RT @someshjha7: In RBI's previous board meeting, its Deputy Governor Viral Acharya told the government to privatise public sector banks if‚Ä¶",[]
2018-11-13 08:39:31,RT @Moneylifers: Scores of institutions are headless and decisions are being taken by people without domain knowledge. It‚Äôs not just the RB‚Ä¶,[]
2018-11-13 08:39:26,"RT @hi_paresh: It seems RBI Governor and Modiji met to discuss things.

What exactly did the they discuss if RBI governor doesn't care abou‚Ä¶",[]
2018-11-13 08:38:56,"RT @geetv79: - Is this Fekunomist contradicting RBI on the zero black money unearthed by  #DeMoDisaster ?

- If Modi claims to have unearth‚Ä¶",['#DeMoDisaster']
2018-11-13 08:38:42,"RT @geetv79: - Is this Fekunomist contradicting RBI on the zero black money unearthed by  #DeMoDisaster ?

- If Modi claims to have unearth‚Ä¶",['#DeMoDisaster']
2018-11-13 08:38:08,"RT @RahulGandhi: Rs 36,00,00,00,00,000 

That‚Äôs how much the PM needs from the RBI to fix the mess his genius economic theories have create‚Ä¶",[]
2018-11-13 08:38:07,RT @emptypat: No #response so far. Have you taken note of this #complaint / location etc...? @RBI @arunjaitley @narendramodi @PMOIndia @pow‚Ä¶,"['#response', '#complaint']"
2018-11-13 08:38:00,"RT @umagarghi: Below gvn is news fm dinamalar- Tuticorin, DT 12.11.18.
PC questioning Hon. PM reg releasing of money from RBI, as PM has on‚Ä¶",[]
2018-11-13 08:37:54,RT @guptaa28: A sharp drop in inflation is likely to renew calls for RBI rate cut. Oct. CPI inf. at 3.3%. Nov. could be as low as 2.5-2.6%.‚Ä¶,[]
2018-11-13 08:37:13,"Time of reckoning for RBI
RBI has to show it  to people of INDIA as also WORLD in general whether it is for the NAT‚Ä¶ https://t.co/84O9cfrDCu",[]
2018-11-13 08:37:12,"RT @Echenique31: So you‚Äôre telling me the guy with the better batting average, homeruns, rbi, runs, and doubles lost the ROY. Honestly it s‚Ä¶",[]
2018-11-13 08:36:33,"PM Modi met RBI chief for ""first-hand account"" amid rift: Sources https://t.co/YTsqqYOj6K https://t.co/JPVob1NzVz",[]
2018-11-13 08:35:58,"RT @NischalShetty: Dear @arunjaitley

We the people, request you to give us our right to use banking for buying &amp; selling digital assets/Cr‚Ä¶",[]
2018-11-13 08:35:48,"RT @NischalShetty: Dear @arunjaitley

We the people, request you to give us our right to use banking for buying &amp; selling digital assets/Cr‚Ä¶",[]
2018-11-13 08:35:46,RT @RahulGandhi: Nice that Mr Patel is finally defending the #RBI from Mr 56. Better late then never. India will never allow the BJP/ RSS t‚Ä¶,['#RBI']
2018-11-13 08:35:19,@ahujakiran0 @CGokhle @DishaSawant26 @kadamsakshi1990 @nikkipatel260 @mehtadeepa06 @malhotrar093 @krajesh223‚Ä¶ https://t.co/JL4clcJnht,[]
2018-11-13 08:34:32,"RT @geetv79: - Is this Fekunomist contradicting RBI on the zero black money unearthed by  #DeMoDisaster ?

- If Modi claims to have unearth‚Ä¶",['#DeMoDisaster']
2018-11-13 08:34:16,"RT @dravirmani: #FakeNews? To my understanding of what the PEA @sanjeevsanyal said on several TV interviews last week, the govt has no such‚Ä¶",['#FakeNews?']
2018-11-13 08:34:13,"@rblbank @rblbank Team,
On dated 07 Nov 2018, I spoke with rbl Helpline Number 18001219050 with Ticket No. 04650317‚Ä¶ https://t.co/rLeou0jXXT",[]
2018-11-13 08:33:54,"RT @geetv79: - Is this Fekunomist contradicting RBI on the zero black money unearthed by  #DeMoDisaster ?

- If Modi claims to have unearth‚Ä¶",['#DeMoDisaster']
2018-11-13 08:33:21,@guptaa28 @siddarthpaim @thesuniljain @RBI @narendramodi This is remaining politically correct. Analyse the data &amp;‚Ä¶ https://t.co/zynuu07zp1,[]
2018-11-13 08:33:19,@CGokhle @DishaSawant26 @kadamsakshi1990 @nikkipatel260 @mehtadeepa06 @malhotrar093 @krajesh223 @GautamKalani‚Ä¶ https://t.co/yT4wb6aa8F,[]
2018-11-13 08:33:08,"RT @geetv79: - Is this Fekunomist contradicting RBI on the zero black money unearthed by  #DeMoDisaster ?

- If Modi claims to have unearth‚Ä¶",['#DeMoDisaster']
2018-11-13 08:33:01,"RT @someshjha7: In RBI's previous board meeting, its Deputy Governor Viral Acharya told the government to privatise public sector banks if‚Ä¶",[]
2018-11-13 08:32:57,RT @DailyhuntApp: #RetailInflation rate drops down to 3.31 % in October bringing more festive cheer to the economy following a decline in c‚Ä¶,['#RetailInflation']
2018-11-13 08:32:50,"RT @VinayDokania: ""PM Modi Planning Demonetisation Part-II"": Congress On RBI Controversy https://t.co/LIDlk8TVpr",[]
2018-11-13 08:32:48,"RT @geetv79: - Is this Fekunomist contradicting RBI on the zero black money unearthed by  #DeMoDisaster ?

- If Modi claims to have unearth‚Ä¶",['#DeMoDisaster']
2018-11-13 08:32:45,"RT @hi_paresh: It seems RBI Governor and Modiji met to discuss things.

What exactly did the they discuss if RBI governor doesn't care abou‚Ä¶",[]
2018-11-13 08:32:11,"RT @shenoy70: Except PM Modi and RBI Governor ,everyone seems to know everything going on between PM Modi and RBI Governor https://t.co/vD9‚Ä¶",[]
2018-11-13 08:32:00,"RT @NewsroomPostCom: With tensions rising between India‚Äôs Central Bank and the Centre, RBI Governor Urjit Patel recently met Prime Minister‚Ä¶",[]
2018-11-13 08:31:49,RT @guptaa28: A sharp drop in inflation is likely to renew calls for RBI rate cut. Oct. CPI inf. at 3.3%. Nov. could be as low as 2.5-2.6%.‚Ä¶,[]
2018-11-13 08:31:47,"RT @someshjha7: In RBI's previous board meeting, its Deputy Governor Viral Acharya told the government to privatise public sector banks if‚Ä¶",[]
2018-11-13 08:31:43,"RT @pGurus1: Tension between RBI and the Government is now new, says Prof. @rvaidya2000 giving instances from the past
Watch Full Conversat‚Ä¶",[]
2018-11-13 08:31:04,@DishaSawant26 @kadamsakshi1990 @nikkipatel260 @mehtadeepa06 @malhotrar093 @krajesh223 @GautamKalani @dev_patel2117‚Ä¶ https://t.co/I1AWaF5Hkz,[]
2018-11-13 08:30:28,"ETEnergyworld | Retail inflation rate drops, giving RBI breathing space https://t.co/9DNtnRIkag",[]
2018-11-13 08:30:27,"ETEnergyworld | Retail inflation rate drops, giving RBI breathing space https://t.co/w7rMyvrHwb",[]
2018-11-13 08:30:25,@Bob23159 @surjitbhalla There is only one entity that releases inflation figures and that is RBI,[]
2018-11-13 08:30:14,RT @guptaa28: @thesuniljain @RBI @narendramodi Tyranny of the @RBI is not the solution to tyranny of the government. If the economy demands‚Ä¶,[]
2018-11-13 08:30:06,"#GovtvsRBI: Urjit Patel meets PM Narendra Modi amid ongoing tussle
https://t.co/ghpL8kr0PM
#Urjitpatel  #NArendramodi  #PMModi","['#GovtvsRBI:', '#NArendramodi', '#PMModi']"
2018-11-13 08:30:06,#RetailInflation rate drops down to 3.31 % in October bringing more festive cheer to the economy following a declin‚Ä¶ https://t.co/AEVeZkog8J,['#RetailInflation']
2018-11-13 08:30:00,"‚ÄúThe RBI should not have surprised the Modi government by slashing the dividend from the budgeted Rs 66,000 cr to R‚Ä¶ https://t.co/WbPbhQeKkf",[]
2018-11-13 08:29:50,@kadamsakshi1990 @nikkipatel260 @mehtadeepa06 @malhotrar093 @krajesh223 @GautamKalani @dev_patel2117 @bhattrajiv77‚Ä¶ https://t.co/gftoMx883C,[]
2018-11-13 08:28:56,"With tensions rising between India‚Äôs Central Bank and the Centre, RBI Governor Urjit Patel recently met Prime Minis‚Ä¶ https://t.co/uhqzniCgde",[]
2018-11-13 08:28:55,@Online_Florista @TVMohandasPai @PMOIndia @narendramodi @arunjaitley @adhia03 @rsprasad @RBI @sanjeevsanyal Agree..‚Ä¶ https://t.co/WGmzrcgsNt,[]
2018-11-13 08:28:17,"RT @RBI: Result of the 28-day Variable Rate Repo Auction held on November 13, 2018
https://t.co/qXy3j68l0b",[]
2018-11-13 08:28:17,India‚Äôs consumer price inflation -- already back below the central bank‚Äôs 4% mandate -- is set to slow further in t‚Ä¶ https://t.co/KZ1xq4NG3P,[]
2018-11-13 08:28:16,"RT @VinayDokania: ""PM Modi Planning Demonetisation Part-II"": Congress On RBI Controversy https://t.co/LIDlk8TVpr",[]
2018-11-13 08:28:09,@TVMohandasPai @PMOIndia @narendramodi @arunjaitley @adhia03 @rsprasad @RBI @sanjeevsanyal Beat this @RahulGandhi‚Ä¶ https://t.co/5SYTQtDoYZ,[]
2018-11-13 08:28:01,@PiyushGoyal @narendramodi RBI has clarified that 99% of banned notes in circulation has been received back in bank‚Ä¶ https://t.co/rQLnQCzknu,[]
2018-11-13 08:27:53,@nikkipatel260 @mehtadeepa06 @malhotrar093 @krajesh223 @GautamKalani @dev_patel2117 @bhattrajiv77 @adammils875‚Ä¶ https://t.co/C2qQTpqPfU,[]
2018-11-13 08:27:48,"RT @HinduDharma1: Raghuram Rajan is Staying in US
&amp; should now forget abt India
He himself is Failed Governor of RBI

He had Joined hands w‚Ä¶",[]
2018-11-13 08:27:33,"RT @INCIndia: Govt of India is raiding RBI, a pillar of govt, for illegal and impermissible electoral sops. This is totally unthinkable in‚Ä¶",[]
2018-11-13 08:27:28,"RT SportsCenter: The 2018 MLB Rookie of the Year awards go to:

Ronald Acu√±a Jr.: .293 BA | 26 HR | 64 RBI 

Shohei‚Ä¶ https://t.co/7GJ8llL49e",[]
2018-11-13 08:27:26,"RT @hi_paresh: It seems RBI Governor and Modiji met to discuss things.

What exactly did the they discuss if RBI governor doesn't care abou‚Ä¶",[]
2018-11-13 08:27:26,RT @vishalnautamlal: @akandpal @ThinkersPad @swamilion @jagdishshetty @Swamy39 @Ish_Bhandari @nviswam @HinduDharma1 @LohittUrs @niku1630 @g‚Ä¶,[]
2018-11-13 08:27:26,RT @vikrantgautam56: @narendramodi @RBI @arunjaitley Sir Govt scheme psbloanin59min is not working banks are not interested to give loans b‚Ä¶,[]
2018-11-13 08:27:22,"@SBICard_Connect @TheOfficialSBI @FinMinIndia @RBI @ndtv waiting - reminder-4
#sbifraud #sbisellingdata‚Ä¶ https://t.co/UxkeiZio97",['#sbisellingdata\xe2\x80\xa6']
2018-11-13 08:26:38,"RT @geetv79: - Is this Fekunomist contradicting RBI on the zero black money unearthed by  #DeMoDisaster ?

- If Modi claims to have unearth‚Ä¶",['#DeMoDisaster']
2018-11-13 08:25:51,"RT @surjitbhalla: While the RBI/MPC keeps raising rates at will it is important to document that for the first 10 months, the 4.3 % CPI inf‚Ä¶",[]
2018-11-13 08:25:50,India‚Äôs consumer price inflation -- already back below the central bank‚Äôs 4% mandate -- is set to slow further in t‚Ä¶ https://t.co/x273PuZ5vl,[]
2018-11-13 08:25:46,"RT @imPk_Lucknowi: India is cash crunch country, RBI Governer Urjit Patel may ho or stay, keeping so much money as a reserve with it is bad‚Ä¶",[]
2018-11-13 08:25:27,"RT @geetv79: - Is this Fekunomist contradicting RBI on the zero black money unearthed by  #DeMoDisaster ?

- If Modi claims to have unearth‚Ä¶",['#DeMoDisaster']
2018-11-13 08:25:22,"RT @shenoy70: Except PM Modi and RBI Governor ,everyone seems to know everything going on between PM Modi and RBI Governor https://t.co/vD9‚Ä¶",[]
2018-11-13 08:25:19,"RT @geetv79: - Is this Fekunomist contradicting RBI on the zero black money unearthed by  #DeMoDisaster ?

- If Modi claims to have unearth‚Ä¶",['#DeMoDisaster']
2018-11-13 08:25:17,"RT @NH_India: #AbhishekManuSinghvi, Spokesperson of the AICC, issued a statement slamming PM Modi for attempting to bring about another dem‚Ä¶","['#AbhishekManuSinghvi,']"
2018-11-13 08:25:16,RBI Bank Security Guards Online Form 2018¬†Last Date : 30/11/2018 ##LATES... https://t.co/jvRhj2dKRs via @YouTube,['##LATES...']
2018-11-13 08:25:12,RT @INCIndia: There is no greater evidence of gross mismanagement of the Indian economy by the Modi Govt than its attempt to force the RBI‚Ä¶,[]
2018-11-13 08:25:01,"RT @INCIndia: Govt of India is raiding RBI, a pillar of govt, for illegal and impermissible electoral sops. This is totally unthinkable in‚Ä¶",[]
2018-11-13 08:24:57,"Result of the 28-day Variable Rate Repo Auction held on November 13, 2018
https://t.co/qXy3j68l0b",[]
2018-11-13 08:24:53,"RT @itsevandaniel: .297 AVG
27 HR
92 RBI
47 Doubles
76 XBH

Congrats to Miguel Andujar on a tremendous rookie season. https://t.co/sWNOczJV‚Ä¶",[]
2018-11-13 08:24:32,"RT @AnilThakur_: RBI crisis: India is moving fast and breaking the wrong things https://t.co/wIFEIcriDe via @scroll_in
#NoEVM_OnlyBallot",[]
2018-11-13 08:23:45,@mehtadeepa06 @malhotrar093 @krajesh223 @GautamKalani @dev_patel2117 @bhattrajiv77 @adammils875 @arjun_dawda‚Ä¶ https://t.co/GmZ570CCue,[]
2018-11-13 08:23:35,"Dear @RBI , Banks and NBFCs are harassing their existing customers by calling them unnecessarily every now and them‚Ä¶ https://t.co/WBfUFiiNvW",[]
2018-11-13 08:22:40,#AptiAcademy is a premiere institute in competitive exams guidance with well Established center at #pune .The subje‚Ä¶ https://t.co/NRUq3jeo6G,"['#AptiAcademy', '#pune']"
2018-11-13 08:22:31,"RT @Rudra_Aksh09: Amid face off with Govt, RBI Gov met PM n FM to thrash out workable solution; meetings over issues ranging from appropria‚Ä¶",[]
2018-11-13 08:22:13,"RT @geetv79: - Is this Fekunomist contradicting RBI on the zero black money unearthed by  #DeMoDisaster ?

- If Modi claims to have unearth‚Ä¶",['#DeMoDisaster']
2018-11-13 08:22:10,RT @ashokgehlot51: Modi govt is putting undue pressure over #RBI and trying to disrupt its functioning. NDA is destroying institution after‚Ä¶,['#RBI']
2018-11-13 08:21:59,@RBI Most from Delhi,[]
2018-11-13 08:21:57,"RT @nit_set: A cracker from @someshjha7 on #RBIvsGOVERNMENT. Viral acharya pushed back govt saying, privatize banks if your fisc def is hig‚Ä¶",['#RBIvsGOVERNMENT.']
2018-11-13 08:21:50,"RT @geetv79: - Is this Fekunomist contradicting RBI on the zero black money unearthed by  #DeMoDisaster ?

- If Modi claims to have unearth‚Ä¶",['#DeMoDisaster']
2018-11-13 08:21:44,@malhotrar093 @krajesh223 @GautamKalani @dev_patel2117 @bhattrajiv77 @adammils875 @arjun_dawda @Jordan4578465‚Ä¶ https://t.co/ILgcfFImPS,[]
2018-11-13 08:20:41,"RT @geetv79: - Is this Fekunomist contradicting RBI on the zero black money unearthed by  #DeMoDisaster ?

- If Modi claims to have unearth‚Ä¶",['#DeMoDisaster']
2018-11-13 08:20:07,"RT @PRSundar64: Markets Irrational:

Inflation 3.3% vs expected 3.7%.
IIP data 4.5% vs expected 4.1%.
Brent Crude is down.
RBI Governor met‚Ä¶",[]
2018-11-13 08:20:06,"RT @hi_paresh: It seems RBI Governor and Modiji met to discuss things.

What exactly did the they discuss if RBI governor doesn't care abou‚Ä¶",[]
2018-11-13 08:20:03,"RT @geetv79: - Is this Fekunomist contradicting RBI on the zero black money unearthed by  #DeMoDisaster ?

- If Modi claims to have unearth‚Ä¶",['#DeMoDisaster']
2018-11-13 08:20:02,"RT @VinayDokania: ""PM Modi Planning Demonetisation Part-II"": Congress On RBI Controversy https://t.co/LIDlk8TVpr",[]
2018-11-13 08:19:59,"Warrier's blog: Protect RBI, to serve public interest https://t.co/uxbVNwcug8",[]
2018-11-13 08:19:50,Makes good sense to me. Finance ministry has made a joke out of public and RBI. LIC has already bailed out IDBI and‚Ä¶ https://t.co/4Fa8YzqFTG,[]
2018-11-13 08:18:54,RT @parbhane: @CNNnews18 @narendramodi And still you need reserved fund from RBI? Why you always lying?,[]
2018-11-13 08:18:38,"RT @hi_paresh: It seems RBI Governor and Modiji met to discuss things.

What exactly did the they discuss if RBI governor doesn't care abou‚Ä¶",[]
2018-11-13 08:18:36,RT @ashwani_mahajan: ‚Å¶@Swamy39‚Å© R3‚Äôs INTELLECTUAL DISHONESTY We have strange coincidence that economist &amp; Ex GovRBI known to speak his mind‚Ä¶,[]
2018-11-13 08:18:06,@RBI @arunjaitley Sir very slow process in cash withdrawal in @centralbank_in Kadipur Uttar Pradesh branch always c‚Ä¶ https://t.co/ow6gHmtb1r,[]
2018-11-13 08:17:59,"""PM Modi Planning Demonetisation Part-II"": Congress On RBI Controversy https://t.co/LIDlk8TVpr",[]
2018-11-13 08:17:49,"RT @geetv79: - Is this Fekunomist contradicting RBI on the zero black money unearthed by  #DeMoDisaster ?

- If Modi claims to have unearth‚Ä¶",['#DeMoDisaster']
2018-11-13 08:17:49,"RT @SalmanSoz: I think the government has lost all credibility on GDP growth data, especially the back series. If the govt can arm-twist th‚Ä¶",[]
2018-11-13 08:17:41,"RT @SagirAhmad_INC: The recent controversy on the Independence of the RBI from government raised issues of principle.
In democracy the elec‚Ä¶",[]
2018-11-13 08:17:40,Here's why RBI is convinced that India's shadow banks need to suffer https://t.co/YJ2sJnp017,[]
2018-11-13 08:17:37,Transfer of RBI revaluation reserves can give deflationary shock to economy https://t.co/rrq4RNQ3ZL,[]
2018-11-13 08:17:33,Govt vs RBI: Urjit Patel meets PM Narendra Modi amid ongoing tussle https://t.co/pBtbT7vQYJ,[]
2018-11-13 08:17:29,RT @rssurjewala: Noted economist &amp; former RBI Governor holds ‚Äòmirror of truth‚Äô to Modi Govt on ‚ÄòModi Made‚Äô #DemonetisationDisaster &amp; ‚ÄòGabba‚Ä¶,['#DemonetisationDisaster']
2018-11-13 08:17:06,RT @rssurjewala: Noted economist &amp; former RBI Governor holds ‚Äòmirror of truth‚Äô to Modi Govt on ‚ÄòModi Made‚Äô #DemonetisationDisaster &amp; ‚ÄòGabba‚Ä¶,['#DemonetisationDisaster']
2018-11-13 08:17:03,"RT @MLBRandomStats: Shohei Ohtani 2018 season:

93 for 326, 21 doubles, 2 triples, 22 home runs, 61 RBI, 37 walks, 102 strikeouts, .285 BA,‚Ä¶",[]
2018-11-13 08:16:53,"RT @geetv79: - Is this Fekunomist contradicting RBI on the zero black money unearthed by  #DeMoDisaster ?

- If Modi claims to have unearth‚Ä¶",['#DeMoDisaster']
2018-11-13 08:16:50,"RT @shenoy70: Except PM Modi and RBI Governor ,everyone seems to know everything going on between PM Modi and RBI Governor https://t.co/vD9‚Ä¶",[]
2018-11-13 08:16:27,"@SBICard_Connect @TheOfficialSBI @FinMinIndia @RBI @ndtv waiting - reminder-3 
#sbifraud #sbisellingdata‚Ä¶ https://t.co/goGLLSTGs9",['#sbisellingdata\xe2\x80\xa6']
2018-11-13 08:16:21,RT @guptaa28: A sharp drop in inflation is likely to renew calls for RBI rate cut. Oct. CPI inf. at 3.3%. Nov. could be as low as 2.5-2.6%.‚Ä¶,[]
2018-11-13 08:16:13,"RT @hi_paresh: It seems RBI Governor and Modiji met to discuss things.

What exactly did the they discuss if RBI governor doesn't care abou‚Ä¶",[]
2018-11-13 08:16:13,"RT @surjitbhalla: While the RBI/MPC keeps raising rates at will it is important to document that for the first 10 months, the 4.3 % CPI inf‚Ä¶",[]
2018-11-13 08:16:03,RT @INCIndia: There is no greater evidence of gross mismanagement of the Indian economy by the Modi Govt than its attempt to force the RBI‚Ä¶,[]
2018-11-13 08:16:02,"RT @SalmanSoz: I think the government has lost all credibility on GDP growth data, especially the back series. If the govt can arm-twist th‚Ä¶",[]
2018-11-13 08:15:52,"RT @HinduDharma1: Raghuram Rajan is Staying in US
&amp; should now forget abt India
He himself is Failed Governor of RBI

He had Joined hands w‚Ä¶",[]
2018-11-13 08:15:38,@arunjaitley @FinMinIndia @RBI Please investigate this Scam WHY SO MANY BANKS GOT SHIFTED 2 ONE PREMISES 'KANAKIYA'‚Ä¶ https://t.co/VnMLytp6g1,[]
2018-11-13 08:15:36,RT @grsovent: Everyone has acknowledged that GST was a much needed reform but RAJAN‚Äôs unwarranted criticism of GST has only strengthened th‚Ä¶,[]
2018-11-13 08:15:36,RT @surjitbhalla: The RBI/MPC answer is simple and obvious - that inflation is not in control!! https://t.co/swsRAmmoZU,[]
2018-11-13 08:15:35,"RT @hi_paresh: It seems RBI Governor and Modiji met to discuss things.

What exactly did the they discuss if RBI governor doesn't care abou‚Ä¶",[]
2018-11-13 08:15:22,"RT @Rudra_Aksh09: Amid face off with Govt, RBI Gov met PM n FM to thrash out workable solution; meetings over issues ranging from appropria‚Ä¶",[]
2018-11-13 08:15:14,"RT @geetv79: - Is this Fekunomist contradicting RBI on the zero black money unearthed by  #DeMoDisaster ?

- If Modi claims to have unearth‚Ä¶",['#DeMoDisaster']
2018-11-13 08:15:10,"Things are getting really scary now, if you were to go by the report of, The Wire. This Modi &amp; Jaitley are turning‚Ä¶ https://t.co/7NWllRRuSa",[]
2018-11-13 08:15:07,"RT @geetv79: - Is this Fekunomist contradicting RBI on the zero black money unearthed by  #DeMoDisaster ?

- If Modi claims to have unearth‚Ä¶",['#DeMoDisaster']
2018-11-13 08:15:04,RT @surjitbhalla: The RBI/MPC answer is simple and obvious - that inflation is not in control!! https://t.co/swsRAmmoZU,[]
2018-11-13 08:15:01,"PM Modi Met RBI Chief For ""First-Hand Account"" Amid Autonomy War: Sources https://t.co/HefQf4RLJC",[]
2018-11-13 08:14:53,"RT @SalmanSoz: I think the government has lost all credibility on GDP growth data, especially the back series. If the govt can arm-twist th‚Ä¶",[]
2018-11-13 08:14:48,"RT @geetv79: - Is this Fekunomist contradicting RBI on the zero black money unearthed by  #DeMoDisaster ?

- If Modi claims to have unearth‚Ä¶",['#DeMoDisaster']
2018-11-13 08:14:28,"RT @iAnkurSingh: As RBI Governor, Raghuram Rajan campaigned for GST.

Now he criticises it because of his politics. https://t.co/gAdYWF2q1C",[]
2018-11-13 08:14:23,"RT @geetv79: - Is this Fekunomist contradicting RBI on the zero black money unearthed by  #DeMoDisaster ?

- If Modi claims to have unearth‚Ä¶",['#DeMoDisaster']
2018-11-13 08:14:18,RT @anirudh_laskar: Aircel-Maxis case: Yes Bank wants RBI to decide on Ashok Chawla continuing as chairman - Livemint https://t.co/eHhUKX4J‚Ä¶,[]
2018-11-13 08:14:09,"RT @SagirAhmad_INC: The recent controversy on the Independence of the RBI from government raised issues of principle.
In democracy the elec‚Ä¶",[]
2018-11-13 08:13:59,"RT @geetv79: - Is this Fekunomist contradicting RBI on the zero black money unearthed by  #DeMoDisaster ?

- If Modi claims to have unearth‚Ä¶",['#DeMoDisaster']
2018-11-13 08:13:34,"@bishnu_dash04 @dravirmani @RBI Sorry Sir, but RBI is not just another banker they are responsible for Monetary Pol‚Ä¶ https://t.co/9HPhU1AzfC",[]
2018-11-13 08:13:23,@arunjaitley @FinMinIndia @RBI Please investigate this Scam WHY SO MANY BANKS GOT SHIFTED 2 ONE PREMISES 'KANAKIYA'‚Ä¶ https://t.co/zldhP1rU4h,[]
2018-11-13 08:12:34,Gift of gab is not very important for RBI govn..he shud have raised red flag rather than being a stooge... https://t.co/tWqufMjXem,[]
2018-11-13 08:12:16,RT @SandipGhose: For all those who have been reacting to my tweet on #RaghuramRajan saying he didn't criticize #GST - this üëá is the headlin‚Ä¶,"['#RaghuramRajan', '#GST']"
2018-11-13 08:11:49,RT @ashwani_mahajan: ‚Å¶@Swamy39‚Å© R3‚Äôs INTELLECTUAL DISHONESTY We have strange coincidence that economist &amp; Ex GovRBI known to speak his mind‚Ä¶,[]
2018-11-13 08:11:43,RT @guptaa28: A sharp drop in inflation is likely to renew calls for RBI rate cut. Oct. CPI inf. at 3.3%. Nov. could be as low as 2.5-2.6%.‚Ä¶,[]
2018-11-13 08:11:11,"RT @SalmanSoz: I think the government has lost all credibility on GDP growth data, especially the back series. If the govt can arm-twist th‚Ä¶",[]
2018-11-13 08:11:05,"RT @hi_paresh: It seems RBI Governor and Modiji met to discuss things.

What exactly did the they discuss if RBI governor doesn't care abou‚Ä¶",[]
2018-11-13 08:11:02,RT @GoenkaSandeep: Been tweeting since 2015 that gold should find place in your portfolio. Gold average return in INR has been 8% over last‚Ä¶,[]
2018-11-13 08:10:54,"- Is this Fekunomist contradicting RBI on the zero black money unearthed by  #DeMoDisaster ?

- If Modi claims to h‚Ä¶ https://t.co/kp7bR0mntR",['#DeMoDisaster']
2018-11-13 08:10:45,"Hey @CPPGroup do you work or not?
@SBICard_Connect next time do ti-up with better one. 
#sbifraud #sbisellingdata‚Ä¶ https://t.co/H6NNd1A0J0",['#sbisellingdata\xe2\x80\xa6']
2018-11-13 08:10:36,"RT @itsevandaniel: .297 AVG
27 HR
92 RBI
47 Doubles
76 XBH

Congrats to Miguel Andujar on a tremendous rookie season. https://t.co/sWNOczJV‚Ä¶",[]
2018-11-13 08:10:35,"RT @SalmanSoz: I think the government has lost all credibility on GDP growth data, especially the back series. If the govt can arm-twist th‚Ä¶",[]
2018-11-13 08:10:25,"RT @ArvindKejriwal: Demonetisation is getting more n more mysterious n murkier by the day. If black money n fake notes was not the goal, th‚Ä¶",[]
2018-11-13 08:10:15,Please take action against coins or paytm which seems to be important delivery boy no. 9953111318 +911205082200. He‚Ä¶ https://t.co/7ajQN8J3iy,[]
2018-11-13 08:09:53,"RT @ChrisJr_NYYST: First JD Martinez gets snubbed as an MVP finalist... then Ohtani wins ROY over Andujar w/ almost 300 less PA, 15 points‚Ä¶",[]
2018-11-13 08:09:06,"RT @surjitbhalla: But the RBI is likely to say that we can't forecast oil prices, but they are likely to go up ! https://t.co/F6B5UI72Os",[]
2018-11-13 08:08:29,"@SBICard_Connect waiting - reminder-2 
#sbifraud #sbisellingdata #zerocustomerservice
@TheOfficialSBI 
@FinMinIndia 
@RBI 
@ndtv","['#sbisellingdata', '#zerocustomerservice\n@TheOfficialSBI']"
2018-11-13 08:08:26,RT @Mausam1975: Here's why RBI is convinced that India's shadow banks need to suffer https://t.co/laJcJCMLk7 @Swamy39,[]
2018-11-13 08:08:13,"RT @imPk_Lucknowi: India is cash crunch country, RBI Governer Urjit Patel may ho or stay, keeping so much money as a reserve with it is bad‚Ä¶",[]
2018-11-13 08:07:42,"RT @SreeIyer1: Tension between RBI and the Government is now new, says Prof. RV giving instances from the past
Watch Full Conversation at -‚Ä¶",[]
2018-11-13 08:07:40,RT @Mausam1975: Here's why RBI is convinced that India's shadow banks need to suffer https://t.co/laJcJCMLk7 @Swamy39,[]
2018-11-13 08:07:22,@TheOfficialSBI Sbi really doesn't care about customer's problem. no one is replying either on mail or twitter.why‚Ä¶ https://t.co/oDZwapcXnP,[]
2018-11-13 08:07:12,"RT @nit_set: A cracker from @someshjha7 on #RBIvsGOVERNMENT. Viral acharya pushed back govt saying, privatize banks if your fisc def is hig‚Ä¶",['#RBIvsGOVERNMENT.']
2018-11-13 08:07:10,"RT @Ajaya_buddy: Sharp fall in inflation, (undershooting RBI target of 4%) coupled with equally sharp crack in crude oil prices ($69) will‚Ä¶",[]
2018-11-13 08:07:10,RT @Mausam1975: Here's why RBI is convinced that India's shadow banks need to suffer https://t.co/laJcJCMLk7 @Swamy39,[]
2018-11-13 08:07:03,RT @ashwani_mahajan: ‚Å¶@Swamy39‚Å© R3‚Äôs INTELLECTUAL DISHONESTY We have strange coincidence that economist &amp; Ex GovRBI known to speak his mind‚Ä¶,[]
2018-11-13 08:06:49,"RT @business: India‚Äôs consumer price inflation, already back below the central bank‚Äôs 4% mandate, is set to slow further in the months ahea‚Ä¶",[]
2018-11-13 08:06:33,RT @guptaa28: A sharp drop in inflation is likely to renew calls for RBI rate cut. Oct. CPI inf. at 3.3%. Nov. could be as low as 2.5-2.6%.‚Ä¶,[]
2018-11-13 08:06:33,"""PM Modi Planning Demonetisation Part-II"": Congress On RBI Controversy https://t.co/lv4jZvddsT",[]
2018-11-13 08:06:32,"@PiyushGoyal @narendramodi To aap aur aapke pradhan mantri jhooth bol rahe hain ya RBI?Minutes of the meeting, RBI'‚Ä¶ https://t.co/w9Vlp8PuGp",[]
2018-11-13 08:06:18,‚ÄúPM Modi Planning Demonetisation Part-II‚Äù: Congress On RBI Controversy https://t.co/Dc4EXcU1eF https://t.co/8eT3qrO2xK,[]
2018-11-13 08:05:38,RT @IndianExpress: The minutes of the meeting of the RBI‚Äôs Central Board reveal that the central bank‚Äôs directors described the move as ‚Äúco‚Ä¶,[]
2018-11-13 08:05:26,"RT @hi_paresh: It seems RBI Governor and Modiji met to discuss things.

What exactly did the they discuss if RBI governor doesn't care abou‚Ä¶",[]
2018-11-13 08:05:25,"RT @aj_straightup: Raghuram Rajan: Demonetisation, GST held back India‚Äôs economic growth, 7% not enough https://t.co/MgO5gsEbn0 via @Indian‚Ä¶",[]
2018-11-13 08:05:24,"""PM Modi Planning Demonetisation Part-II"": Congress On RBI Controversy https://t.co/k6pmNbAixr",[]
2018-11-13 08:05:00,@krajesh223 @GautamKalani @dev_patel2117 @bhattrajiv77 @adammils875 @arjun_dawda @Jordan4578465 @chen53022343‚Ä¶ https://t.co/hsPEn80NnC,[]
2018-11-13 08:04:58,RT @INCIndia: There is no greater evidence of gross mismanagement of the Indian economy by the Modi Govt than its attempt to force the RBI‚Ä¶,[]
2018-11-13 08:04:44,"""PM Modi Planning Demonetisation Part-II"": Congress On RBI Controversy https://t.co/u6nSvmnWMj",[]
2018-11-13 08:04:40,Here's why RBI is convinced that India's shadow banks need to suffer: Ever since IL&amp;FS defaulted on some of its deb‚Ä¶ https://t.co/W31VAxisUD,[]
2018-11-13 08:04:34,"RT @bsindia: #RBIvsGovt : Ahead of Nov 19 meeting, Governor #urjitpatel meets PM @narendramodi . It is likely that RBI may accede to some o‚Ä¶","['#RBIvsGovt', '#urjitpatel']"
2018-11-13 08:04:26,"RT @dravirmani: #FakeNews? To my understanding of what the PEA @sanjeevsanyal said on several TV interviews last week, the govt has no such‚Ä¶",['#FakeNews?']
2018-11-13 08:04:10,RT @ashokgehlot51: Modi govt is putting undue pressure over #RBI and trying to disrupt its functioning. NDA is destroying institution after‚Ä¶,['#RBI']
2018-11-13 08:04:06,@Gurvir__dhindsa @BJP4India CBI AVS CBI is catch the 20 cr bribe culprit. RBI need to work for Govt and govt try to‚Ä¶ https://t.co/O7TGHHca9j,[]
2018-11-13 08:04:01,"I liked a @YouTube video https://t.co/eP5rtsorXW 8:00 AM - Daily Current Affairs 12 Nov 2018 | UPSC, SSC, RBI, SBI, IBPS, Railway,",[]
2018-11-13 08:03:56,"RT @pGurus1: Tension between RBI and the Government is now new, says Prof. @rvaidya2000 giving instances from the past
Watch Full Conversat‚Ä¶",[]
2018-11-13 08:03:50,"RT @SagirAhmad_INC: The recent controversy on the Independence of the RBI from government raised issues of principle.
In democracy the elec‚Ä¶",[]
2018-11-13 08:03:27,"RT SwarajyaMag: Agitated RBI Lashes Out At The Government: Asks For Privatisation Of State-Run Banks, Says Report 

https://t.co/SRuHawMBpO",[]
2018-11-13 08:03:24,"RT @Ajaya_buddy: Sharp fall in inflation, (undershooting RBI target of 4%) coupled with equally sharp crack in crude oil prices ($69) will‚Ä¶",[]
2018-11-13 08:03:17,"RT @hi_paresh: It seems RBI Governor and Modiji met to discuss things.

What exactly did the they discuss if RBI governor doesn't care abou‚Ä¶",[]
2018-11-13 08:03:11,RT @anirudh_laskar: Aircel-Maxis case: Yes Bank wants RBI to decide on Ashok Chawla continuing as chairman - Livemint https://t.co/eHhUKX4J‚Ä¶,[]
2018-11-13 08:02:52,"RT @FollowCII: CII recommends RBI should solve the current, tight liquidity situation. #CII4Growth #CIIResearch
 @FinMinIndia @arunjaitley‚Ä¶","['#CII4Growth', '#CIIResearch\n']"
2018-11-13 08:02:34,"Amid face-off with RBI, PM Narendra Modi met Governor Urjit Patel, says report https://t.co/cEpEZ5WqF0",[]
2018-11-13 08:02:12,"No respite for Bank of India, amid RBI vs Govt over PCA",[]
2018-11-13 08:02:08,"#Banking: ‚ÄúUPDATE 1-India's central bank governor met PM, RBI may review lending curbs - media.‚Äù #Economy #Banks‚Ä¶ https://t.co/iiZGAXMOtv","['#Banking:', '#Economy', '#Banks\xe2\x80\xa6']"
2018-11-13 08:02:01,"RT @surjitbhalla: While the RBI/MPC keeps raising rates at will it is important to document that for the first 10 months, the 4.3 % CPI inf‚Ä¶",[]
2018-11-13 08:01:58,#Banking: ‚ÄúIndian Inflation Slowdown to Revive RBI Rate Cut Option.‚Äù #Economy #Banks #Money #business #market #News https://t.co/W5TYkZ1C9f,"['#Banking:', '#Economy', '#Banks', '#Money', '#business', '#market', '#News']"
2018-11-13 08:01:57,How to Prepare for RBI Interview 2018? https://t.co/MKOjfB7lqM,[]
2018-11-13 08:01:54,"#Banking: ‚ÄúPM Modi Met RBI Chief For ""First-Hand Account"" Amid Autonomy War: Sources.‚Äù #Economy #Banks #Money‚Ä¶ https://t.co/YdUJAElwpL","['#Banking:', '#Economy', '#Banks', '#Money\xe2\x80\xa6']"
2018-11-13 08:01:42,I ordered something through paytm mall 1015‚Çπ for this I want to paid 15‚Çπ as coin but delivery boy not accept coins‚Ä¶ https://t.co/xLpy2r0S0Q,[]
2018-11-13 08:01:41,‚ÄúPM Modi Planning Demonetisation Part-II‚Äù: Congress On RBI Controversy https://t.co/EOOo9TzY9S https://t.co/fQfcnwJT92,[]
